1, 0, 0, 0, 262111
2, 0, 0, 0, 262111
3, 0, 0, 0, 262111
4, 0, 0, 0, 262111
5, 0, 0, 0, 262111
6, 0, 0, 0, 262111
7, 0, 0, 0, 262111
8, 0, 0, 0, 262111
9, 0, 0, 0, 262111
10, 0, 0, 0, 262111
11, 0, 0, 0, 262111
12, 0, 0, 0, 262111
13, 0, 0, 0, 262111
14, 0, 0, 0, 262111
15, 0, 0, 0, 262111
16, 0, 0, 0, 262111
17, 0, 0, 0, 262111
18, 0, 0, 0, 262111
19, 0, 0, 0, 262111
20, 0, 0, 0, 262111
21, 0, 0, 0, 262111
22, 0, 0, 0, 262111
23, 0, 0, 0, 262111
24, 0, 0, 0, 262111
25, 0, 0, 0, 262111
26, 0, 0, 0, 262111
27, 0, 0, 0, 262111
28, 0, 0, 0, 262111
29, 0, 0, 0, 262111
30, 0, 0, 0, 262111
31, 0, 0, 0, 262111
32, 0, 0, 0, 262111
33, 0, 0, 0, 262111
34, 0, 0, 0, 262111
35, 0, 0, 0, 262111
36, 0, 0, 0, 262111
37, 0, 0, 0, 262111
38, 0, 0, 0, 262111
39, 0, 0, 0, 262111
40, 0, 0, 0, 262111
41, 0, 0, 0, 262111
42, 0, 0, 0, 262111
43, 0, 0, 0, 262111
44, 0, 0, 0, 262111
45, 0, 0, 0, 262111
46, 0, 0, 0, 262111
47, 0, 0, 0, 262111
48, 0, 0, 0, 262111
49, 0, 0, 0, 262111
50, 0, 0, 0, 262111
51, 0, 0, 0, 262111
52, 0, 0, 0, 262111
53, 0, 0, 0, 262111
54, 0, 0, 0, 262111
55, 0, 0, 0, 262111
56, 0, 0, 0, 262111
57, 0, 0, 0, 262111
58, 0, 0, 0, 262111
59, 0, 0, 0, 262111
60, 0, 0, 0, 262111
61, 0, 0, 0, 262111
62, 0, 0, 0, 262111
63, 0, 0, 0, 262111
64, 0, 0, 0, 262111
65, 0, 0, 0, 262111
66, 0, 0, 0, 262111
67, 0, 0, 0, 262111
68, 0, 0, 0, 262111
69, 0, 0, 0, 262111
70, 0, 0, 0, 262111
71, 0, 0, 0, 262111
72, 0, 0, 0, 262111
73, 0, 0, 0, 262111
74, 0, 0, 0, 262111
75, 0, 0, 0, 262111
76, 0, 0, 0, 262111
77, 0, 0, 0, 262111
78, 0, 0, 0, 262111
79, 0, 0, 0, 262111
80, 0, 0, 0, 262111
81, 0, 0, 0, 262111
82, 0, 0, 0, 262111
83, 0, 0, 0, 262111
84, 0, 0, 0, 262111
85, 0, 0, 0, 262111
86, 0, 0, 0, 262111
87, 0, 0, 0, 262111
88, 0, 0, 0, 262111
89, 0, 0, 0, 262111
90, 0, 0, 0, 262111
91, 0, 0, 0, 262111
92, 0, 0, 0, 262111
93, 0, 0, 0, 262111
94, 0, 0, 0, 262111
95, 0, 0, 0, 262111
96, 0, 0, 0, 262111
97, 0, 0, 0, 262111
98, 0, 0, 0, 262111
99, 0, 0, 0, 262111
100, 0, 0, 0, 262111
101, 0, 0, 0, 262111
102, 0, 0, 0, 262111
103, 0, 0, 0, 262111
104, 0, 0, 0, 262111
105, 0, 0, 0, 262111
106, 0, 0, 0, 262111
107, 0, 0, 0, 262111
108, 0, 0, 0, 262111
109, 0, 0, 0, 262111
110, 0, 0, 0, 262111
111, 0, 0, 0, 262111
112, 0, 0, 0, 262111
113, 0, 0, 0, 262111
114, 0, 0, 0, 262111
115, 0, 0, 0, 262111
116, 0, 0, 0, 262111
117, 0, 0, 0, 262111
118, 0, 0, 0, 262111
119, 0, 0, 0, 262111
120, 0, 0, 0, 262111
121, 0, 0, 0, 262111
122, 0, 0, 0, 262111
123, 0, 0, 0, 262111
124, 0, 0, 0, 262111
125, 0, 0, 0, 262111
126, 0, 0, 0, 262111
127, 0, 0, 0, 262111
128, 0, 0, 0, 262111
129, 0, 0, 0, 262111
130, 0, 0, 0, 262111
131, 0, 0, 0, 262111
132, 0, 0, 0, 262111
133, 0, 0, 0, 262111
134, 0, 0, 0, 262111
135, 0, 0, 0, 262111
136, 0, 0, 0, 262111
137, 0, 0, 0, 262111
138, 0, 0, 0, 262111
139, 0, 0, 0, 262111
140, 0, 0, 0, 262111
141, 0, 0, 0, 262111
142, 0, 0, 0, 262111
143, 0, 0, 0, 262111
144, 0, 0, 0, 262111
145, 0, 0, 0, 262111
146, 0, 0, 0, 262111
147, 0, 0, 0, 262111
148, 0, 0, 0, 262111
149, 0, 0, 0, 262111
150, 0, 0, 0, 262111
151, 0, 0, 0, 262111
152, 0, 0, 0, 262111
153, 0, 0, 0, 262111
154, 0, 0, 0, 262111
155, 0, 0, 0, 262111
156, 0, 0, 0, 262111
157, 0, 0, 0, 262111
158, 0, 0, 0, 262111
159, 0, 0, 0, 262111
160, 0, 0, 0, 262111
161, 0, 0, 0, 262111
162, 0, 0, 0, 262111
163, 0, 0, 0, 262111
164, 0, 0, 0, 262111
165, 0, 0, 0, 262111
166, 0, 0, 0, 262111
167, 0, 0, 0, 262111
168, 0, 0, 0, 262111
169, 0, 0, 0, 262111
170, 0, 0, 0, 262111
171, 0, 0, 0, 262111
172, 0, 0, 0, 262111
173, 0, 0, 0, 262111
174, 0, 0, 0, 262111
175, 0, 0, 0, 262111
176, 0, 0, 0, 262111
177, 0, 0, 0, 262111
178, 0, 0, 0, 262111
179, 0, 0, 0, 262111
180, 0, 0, 0, 262111
181, 0, 0, 0, 262111
182, 0, 0, 0, 262111
183, 0, 0, 0, 262111
184, 0, 0, 0, 262111
185, 0, 0, 0, 262111
186, 0, 0, 0, 262111
187, 0, 0, 0, 262111
188, 0, 0, 0, 262111
189, 0, 0, 0, 262111
190, 0, 0, 0, 262111
191, 0, 0, 0, 262111
192, 0, 0, 0, 262111
193, 0, 0, 0, 262111
194, 0, 0, 0, 262111
195, 0, 0, 0, 262111
196, 0, 0, 0, 262111
197, 0, 0, 0, 262111
198, 0, 0, 0, 262111
199, 0, 0, 0, 262111
200, 0, 0, 0, 262111
201, 0, 0, 0, 262111
202, 0, 0, 0, 262111
203, 0, 0, 0, 262111
204, 0, 0, 0, 262111
205, 0, 0, 0, 262111
206, 0, 0, 0, 262111
207, 0, 0, 0, 262111
208, 0, 0, 0, 262111
209, 0, 0, 0, 262111
210, 0, 0, 0, 262111
211, 0, 0, 0, 262111
212, 0, 0, 0, 262111
213, 0, 0, 0, 262111
214, 0, 0, 0, 262111
215, 0, 0, 0, 262111
216, 0, 0, 0, 262111
217, 0, 0, 0, 262111
218, 0, 0, 0, 262111
219, 0, 0, 0, 262111
220, 0, 0, 0, 262111
221, 0, 0, 0, 262111
222, 0, 0, 0, 262111
223, 0, 0, 0, 262111
224, 0, 0, 0, 262111
225, 0, 0, 0, 262111
226, 0, 0, 0, 262111
227, 0, 0, 0, 262111
228, 0, 0, 0, 262111
229, 0, 0, 0, 262111
231, 0, 0, 0, 262111
232, 0, 0, 0, 262111
233, 0, 0, 0, 262111
234, 0, 0, 0, 262111
235, 0, 0, 0, 262111
236, 0, 0, 0, 262111
237, 0, 0, 0, 262111
238, 0, 0, 0, 262111
239, 0, 0, 0, 262111
240, 0, 0, 0, 262111
241, 0, 0, 0, 262111
242, 0, 0, 0, 262111
243, 0, 0, 0, 262111
244, 0, 0, 0, 262111
245, 0, 0, 0, 262111
246, 0, 0, 0, 262111
247, 0, 0, 0, 262111
248, 0, 0, 0, 262111
249, 0, 0, 0, 262111
250, 0, 0, 0, 262111
251, 0, 0, 0, 262111
252, 0, 0, 0, 262111
253, 0, 0, 0, 262111
254, 0, 0, 0, 262111
255, 0, 0, 0, 262111
256, 0, 0, 0, 262111
257, 0, 0, 0, 262111
258, 0, 0, 0, 262111
259, 0, 0, 0, 262111
260, 0, 0, 0, 262111
261, 0, 0, 0, 262111
262, 0, 0, 0, 262111
263, 0, 0, 0, 262111
264, 0, 0, 0, 262111
265, 0, 0, 0, 262111
266, 0, 0, 0, 262111
267, 0, 0, 0, 262111
268, 0, 0, 0, 262111
269, 0, 0, 0, 262111
270, 0, 0, 0, 262111
271, 0, 0, 0, 262111
272, 0, 0, 0, 262111
273, 0, 0, 0, 262111
274, 0, 0, 0, 262111
275, 0, 0, 0, 262111
276, 0, 0, 0, 262111
277, 0, 0, 0, 262111
278, 0, 0, 0, 262111
279, 0, 0, 0, 262111
280, 0, 0, 0, 262111
281, 0, 0, 0, 262111
282, 0, 0, 0, 262111
283, 0, 0, 0, 262111
284, 0, 0, 0, 262111
285, 0, 0, 0, 262111
286, 0, 0, 0, 262111
287, 0, 0, 0, 262111
288, 0, 0, 0, 262111
289, 0, 0, 0, 262111
290, 0, 0, 0, 262111
291, 0, 0, 0, 262111
292, 0, 0, 0, 262111
293, 0, 0, 0, 262111
294, 0, 0, 0, 262111
295, 0, 0, 0, 262111
296, 0, 0, 0, 262111
297, 0, 0, 0, 262111
298, 0, 0, 0, 262111
299, 0, 0, 0, 262111
300, 0, 0, 0, 262111
301, 0, 0, 0, 262111
302, 0, 0, 0, 262111
303, 0, 0, 0, 262111
304, 0, 0, 0, 262111
305, 0, 0, 0, 262111
306, 0, 0, 0, 262111
307, 0, 0, 0, 262111
308, 0, 0, 0, 262111
309, 0, 0, 0, 262111
310, 0, 0, 0, 262111
311, 0, 0, 0, 262111
312, 0, 0, 0, 262111
313, 0, 0, 0, 262111
314, 0, 0, 0, 262111
315, 0, 0, 0, 262111
316, 0, 0, 0, 262111
317, 0, 0, 0, 262111
318, 0, 0, 0, 262111
319, 0, 0, 0, 262111
320, 0, 0, 0, 262111
321, 0, 0, 0, 262111
322, 0, 0, 0, 262111
323, 0, 0, 0, 262111
324, 0, 0, 0, 262111
325, 0, 0, 0, 262111
326, 0, 0, 0, 262111
327, 0, 0, 0, 262111
328, 0, 0, 0, 262111
329, 0, 0, 0, 262111
330, 0, 0, 0, 262111
331, 0, 0, 0, 262111
332, 0, 0, 0, 262111
333, 0, 0, 0, 262111
334, 0, 0, 0, 262111
335, 0, 0, 0, 262111
336, 0, 0, 0, 262111
337, 0, 0, 0, 262111
338, 0, 0, 0, 262111
339, 0, 0, 0, 262111
340, 0, 0, 0, 262111
341, 0, 0, 0, 262111
342, 0, 0, 0, 262111
343, 0, 0, 0, 262111
344, 0, 0, 0, 262111
345, 0, 0, 0, 262111
346, 0, 0, 0, 262111
347, 0, 0, 0, 262111
348, 0, 0, 0, 262111
349, 0, 0, 0, 262111
350, 0, 0, 0, 262111
351, 0, 0, 0, 262111
352, 0, 0, 0, 262111
353, 0, 0, 0, 262111
354, 0, 0, 0, 262111
355, 0, 0, 0, 262111
356, 0, 0, 0, 262111
357, 0, 0, 0, 262111
358, 0, 0, 0, 262111
359, 0, 0, 0, 262111
360, 0, 0, 0, 262111
361, 0, 0, 0, 262111
362, 0, 0, 0, 262111
363, 0, 0, 0, 262111
364, 0, 0, 0, 262111
365, 0, 0, 0, 262111
366, 0, 0, 0, 262111
367, 0, 0, 0, 262111
368, 0, 0, 0, 262111
369, 0, 0, 0, 262111
370, 0, 0, 0, 262111
371, 0, 0, 0, 262111
372, 0, 0, 0, 262111
373, 0, 0, 0, 262111
374, 0, 0, 0, 262111
375, 0, 0, 0, 262111
376, 0, 0, 0, 262111
377, 0, 0, 0, 262111
378, 0, 0, 0, 262111
379, 0, 0, 0, 262111
380, 0, 0, 0, 262111
381, 0, 0, 0, 262111
382, 0, 0, 0, 262111
383, 0, 0, 0, 262111
384, 0, 0, 0, 262111
385, 0, 0, 0, 262111
386, 0, 0, 0, 262111
387, 0, 0, 0, 262111
388, 0, 0, 0, 262111
389, 0, 0, 0, 262111
390, 0, 0, 0, 262111
391, 0, 0, 0, 262111
392, 0, 0, 0, 262111
393, 0, 0, 0, 262111
394, 0, 0, 0, 262111
395, 0, 0, 0, 262111
396, 0, 0, 0, 262111
397, 0, 0, 0, 262111
398, 0, 0, 0, 262111
399, 0, 0, 0, 262111
400, 0, 0, 0, 262111
401, 0, 0, 0, 262111
402, 0, 0, 0, 262111
403, 0, 0, 0, 262111
404, 0, 0, 0, 262111
405, 0, 0, 0, 262111
406, 0, 0, 0, 262111
407, 0, 0, 0, 262111
408, 0, 0, 0, 262111
409, 0, 0, 0, 262111
410, 0, 0, 0, 262111
411, 0, 0, 0, 262111
412, 0, 0, 0, 262111
413, 0, 0, 0, 262111
414, 0, 0, 0, 262111
415, 0, 0, 0, 262111
416, 0, 0, 0, 262111
417, 0, 0, 0, 262111
418, 0, 0, 0, 262111
419, 0, 0, 0, 262111
420, 0, 0, 0, 262111
421, 0, 0, 0, 262111
422, 0, 0, 0, 262111
423, 0, 0, 0, 262111
424, 0, 0, 0, 262111
425, 0, 0, 0, 262111
426, 0, 0, 0, 262111
427, 0, 0, 0, 262111
428, 0, 0, 0, 262111
429, 0, 0, 0, 262111
430, 0, 0, 0, 262111
431, 0, 0, 0, 262111
432, 0, 0, 0, 262111
433, 0, 0, 0, 262111
434, 0, 0, 0, 262111
435, 0, 0, 0, 262111
436, 0, 0, 0, 262111
437, 0, 0, 0, 262111
438, 0, 0, 0, 262111
439, 0, 0, 0, 262111
440, 0, 0, 0, 262111
441, 0, 0, 0, 262111
443, 0, 0, 0, 262111
444, 0, 0, 0, 262111
445, 0, 0, 0, 262111
446, 0, 0, 0, 262111
447, 0, 0, 0, 262111
448, 0, 0, 0, 262111
449, 0, 0, 0, 262111
450, 0, 0, 0, 262111
451, 0, 0, 0, 262111
452, 0, 0, 0, 262111
453, 0, 0, 0, 262111
454, 0, 0, 0, 262111
455, 0, 0, 0, 262111
456, 0, 0, 0, 262111
457, 0, 0, 0, 262111
458, 0, 0, 0, 262111
459, 0, 0, 0, 262111
460, 0, 0, 0, 262111
461, 0, 0, 0, 262111
462, 0, 0, 0, 262111
463, 0, 0, 0, 262111
464, 0, 0, 0, 262111
465, 0, 0, 0, 262111
466, 0, 0, 0, 262111
467, 0, 0, 0, 262111
468, 0, 0, 0, 262111
469, 0, 0, 0, 262111
470, 0, 0, 0, 262111
471, 0, 0, 0, 262111
472, 0, 0, 0, 262111
473, 0, 0, 0, 262111
474, 0, 0, 0, 262111
475, 0, 0, 0, 262111
476, 0, 0, 0, 262111
477, 0, 0, 0, 262111
478, 0, 0, 0, 262111
479, 0, 0, 0, 262111
480, 0, 0, 0, 262111
481, 0, 0, 0, 262111
482, 0, 0, 0, 262111
483, 0, 0, 0, 262111
484, 0, 0, 0, 262111
485, 0, 0, 0, 262111
486, 0, 0, 0, 262111
487, 0, 0, 0, 262111
488, 0, 0, 0, 262111
489, 0, 0, 0, 262111
490, 0, 0, 0, 262111
491, 0, 0, 0, 262111
492, 0, 0, 0, 262111
493, 0, 0, 0, 262111
494, 0, 0, 0, 262111
495, 0, 0, 0, 262111
496, 0, 0, 0, 262111
497, 0, 0, 0, 262111
498, 0, 0, 0, 262111
499, 0, 0, 0, 262111
500, 0, 0, 0, 262111
501, 0, 0, 0, 262111
502, 0, 0, 0, 262111
503, 0, 0, 0, 262111
504, 0, 0, 0, 262111
505, 0, 0, 0, 262111
506, 0, 0, 0, 262111
507, 0, 0, 0, 262111
508, 0, 0, 0, 262111
509, 0, 0, 0, 262111
510, 0, 0, 0, 262111
511, 0, 0, 0, 262111
512, 0, 0, 0, 262111
513, 0, 0, 0, 262111
514, 0, 0, 0, 262111
515, 0, 0, 0, 262111
516, 0, 0, 0, 262111
517, 0, 0, 0, 262111
518, 0, 0, 0, 262111
519, 0, 0, 0, 262111
520, 0, 0, 0, 262111
521, 0, 0, 0, 262111
522, 0, 0, 0, 262111
523, 0, 0, 0, 262111
524, 0, 0, 0, 262111
525, 0, 0, 0, 262111
526, 0, 0, 0, 262111
527, 0, 0, 0, 262111
528, 0, 0, 0, 262111
529, 0, 0, 0, 262111
530, 0, 0, 0, 262111
531, 0, 0, 0, 262111
532, 0, 0, 0, 262111
533, 0, 0, 0, 262111
534, 0, 0, 0, 262111
535, 0, 0, 0, 262111
536, 0, 0, 0, 262111
537, 0, 0, 0, 262111
538, 0, 0, 0, 262111
539, 0, 0, 0, 262111
540, 0, 0, 0, 262111
541, 0, 0, 0, 262111
542, 0, 0, 0, 262111
543, 0, 0, 0, 262111
544, 0, 0, 0, 262111
545, 0, 0, 0, 262111
546, 0, 0, 0, 262111
547, 0, 0, 0, 262111
548, 0, 0, 0, 262111
549, 0, 0, 0, 262111
550, 0, 0, 0, 262111
551, 0, 0, 0, 262111
552, 0, 0, 0, 262111
553, 0, 0, 0, 262111
554, 0, 0, 0, 262111
555, 0, 0, 0, 262111
556, 0, 0, 0, 262111
557, 0, 0, 0, 262111
558, 0, 0, 0, 262111
559, 0, 0, 0, 262111
560, 0, 0, 0, 262111
561, 0, 0, 0, 262111
562, 0, 0, 0, 262111
563, 0, 0, 0, 262111
564, 0, 0, 0, 262111
565, 0, 0, 0, 262111
566, 0, 0, 0, 262111
567, 0, 0, 0, 262111
568, 0, 0, 0, 262111
569, 0, 0, 0, 262111
570, 0, 0, 0, 262111
571, 0, 0, 0, 262111
572, 0, 0, 0, 262111
573, 0, 0, 0, 262111
574, 0, 0, 0, 262111
575, 0, 0, 0, 262111
576, 0, 0, 0, 262111
577, 0, 0, 0, 262111
578, 0, 0, 0, 262111
579, 0, 0, 0, 262111
580, 0, 0, 0, 262111
581, 0, 0, 0, 262111
582, 0, 0, 0, 262111
583, 0, 0, 0, 262111
584, 0, 0, 0, 262111
585, 0, 0, 0, 262111
586, 0, 0, 0, 262111
587, 0, 0, 0, 262111
588, 0, 0, 0, 262111
589, 0, 0, 0, 262111
590, 0, 0, 0, 262111
591, 0, 0, 0, 262111
592, 0, 0, 0, 262111
593, 0, 0, 0, 262111
594, 0, 0, 0, 262111
595, 0, 0, 0, 262111
596, 0, 0, 0, 262111
597, 0, 0, 0, 262111
598, 0, 0, 0, 262111
599, 0, 0, 0, 262111
600, 0, 0, 0, 262111
601, 0, 0, 0, 262111
602, 0, 0, 0, 262111
603, 0, 0, 0, 262111
604, 0, 0, 0, 262111
605, 0, 0, 0, 262111
606, 0, 0, 0, 262111
607, 0, 0, 0, 262111
608, 0, 0, 0, 262111
609, 0, 0, 0, 262111
610, 0, 0, 0, 262111
611, 0, 0, 0, 262111
612, 0, 0, 0, 262111
613, 0, 0, 0, 262111
614, 0, 0, 0, 262111
615, 0, 0, 0, 262111
616, 0, 0, 0, 262111
617, 0, 0, 0, 262111
618, 0, 0, 0, 262111
619, 0, 0, 0, 262111
620, 0, 0, 0, 262111
621, 0, 0, 0, 262111
622, 0, 0, 0, 262111
623, 0, 0, 0, 262111
624, 0, 0, 0, 262111
625, 0, 0, 0, 262111
626, 0, 0, 0, 262111
627, 0, 0, 0, 262111
628, 0, 0, 0, 262111
629, 0, 0, 0, 262111
630, 0, 0, 0, 262111
631, 0, 0, 0, 262111
632, 0, 0, 0, 262111
633, 0, 0, 0, 262111
634, 0, 0, 0, 262111
635, 0, 0, 0, 262111
636, 0, 0, 0, 262111
637, 0, 0, 0, 262111
638, 0, 0, 0, 262111
639, 0, 0, 0, 262111
640, 0, 0, 0, 262111
641, 0, 0, 0, 262111
642, 0, 0, 0, 262111
643, 0, 0, 0, 262111
644, 0, 0, 0, 262111
645, 0, 0, 0, 262111
646, 0, 0, 0, 262111
647, 0, 0, 0, 262111
648, 0, 0, 0, 262111
649, 0, 0, 0, 262111
650, 0, 0, 0, 262111
651, 0, 0, 0, 262111
652, 0, 0, 0, 262111
653, 0, 0, 0, 262111
654, 0, 0, 0, 262111
656, 0, 0, 0, 262111
657, 0, 0, 0, 262111
658, 0, 0, 0, 262111
659, 0, 0, 0, 262111
660, 0, 0, 0, 262111
661, 0, 0, 0, 262111
662, 0, 0, 0, 262111
663, 0, 0, 0, 262111
664, 0, 0, 0, 262111
665, 0, 0, 0, 262111
666, 0, 0, 0, 262111
667, 0, 0, 0, 262111
668, 0, 0, 0, 262111
669, 0, 0, 0, 262111
670, 0, 0, 0, 262111
671, 0, 0, 0, 262111
672, 0, 0, 0, 262111
673, 0, 0, 0, 262111
674, 0, 0, 0, 262111
675, 0, 0, 0, 262111
676, 0, 0, 0, 262111
677, 0, 0, 0, 262111
678, 0, 0, 0, 262111
679, 0, 0, 0, 262111
680, 0, 0, 0, 262111
681, 0, 0, 0, 262111
682, 0, 0, 0, 262111
683, 0, 0, 0, 262111
684, 0, 0, 0, 262111
685, 0, 0, 0, 262111
686, 0, 0, 0, 262111
687, 0, 0, 0, 262111
688, 0, 0, 0, 262111
689, 0, 0, 0, 262111
690, 0, 0, 0, 262111
691, 0, 0, 0, 262111
692, 0, 0, 0, 262111
693, 0, 0, 0, 262111
694, 0, 0, 0, 262111
695, 0, 0, 0, 262111
696, 0, 0, 0, 262111
697, 0, 0, 0, 262111
698, 0, 0, 0, 262111
699, 0, 0, 0, 262111
700, 0, 0, 0, 262111
701, 0, 0, 0, 262111
702, 0, 0, 0, 262111
703, 0, 0, 0, 262111
704, 0, 0, 0, 262111
705, 0, 0, 0, 262111
706, 0, 0, 0, 262111
707, 0, 0, 0, 262111
708, 0, 0, 0, 262111
709, 0, 0, 0, 262111
710, 0, 0, 0, 262111
711, 0, 0, 0, 262111
712, 0, 0, 0, 262111
713, 0, 0, 0, 262111
714, 0, 0, 0, 262111
715, 0, 0, 0, 262111
716, 0, 0, 0, 262111
717, 0, 0, 0, 262111
718, 0, 0, 0, 262111
719, 0, 0, 0, 262111
720, 0, 0, 0, 262111
721, 0, 0, 0, 262111
722, 0, 0, 0, 262111
723, 0, 0, 0, 262111
724, 0, 0, 0, 262111
725, 0, 0, 0, 262111
726, 0, 0, 0, 262111
727, 0, 0, 0, 262111
728, 0, 0, 0, 262111
729, 0, 0, 0, 262111
730, 0, 0, 0, 262111
731, 0, 0, 0, 262111
732, 0, 0, 0, 262111
733, 0, 0, 0, 262111
734, 0, 0, 0, 262111
735, 0, 0, 0, 262111
736, 0, 0, 0, 262111
737, 0, 0, 0, 262111
738, 0, 0, 0, 262111
739, 0, 0, 0, 262111
740, 0, 0, 0, 262111
741, 0, 0, 0, 262111
742, 0, 0, 0, 262111
743, 0, 0, 0, 262111
744, 0, 0, 0, 262111
745, 0, 0, 0, 262111
746, 0, 0, 0, 262111
747, 0, 0, 0, 262111
748, 0, 0, 0, 262111
749, 0, 0, 0, 262111
750, 0, 0, 0, 262111
751, 0, 0, 0, 262111
752, 0, 0, 0, 262111
753, 0, 0, 0, 262111
754, 0, 0, 0, 262111
755, 0, 0, 0, 262111
756, 0, 0, 0, 262111
757, 0, 0, 0, 262111
758, 0, 0, 0, 262111
759, 0, 0, 0, 262111
760, 0, 0, 0, 262111
761, 0, 0, 0, 262111
762, 0, 0, 0, 262111
763, 0, 0, 0, 262111
764, 0, 0, 0, 262111
765, 0, 0, 0, 262111
766, 0, 0, 0, 262111
767, 0, 0, 0, 262111
768, 0, 0, 0, 262111
769, 0, 0, 0, 262111
770, 0, 0, 0, 262111
771, 0, 0, 0, 262111
772, 0, 0, 0, 262111
773, 0, 0, 0, 262111
774, 0, 0, 0, 262111
775, 0, 0, 0, 262111
776, 0, 0, 0, 262111
777, 0, 0, 0, 262111
778, 0, 0, 0, 262111
779, 0, 0, 0, 262111
780, 0, 0, 0, 262111
781, 0, 0, 0, 262111
782, 0, 0, 0, 262111
783, 0, 0, 0, 262111
784, 0, 0, 0, 262111
785, 0, 0, 0, 262111
786, 0, 0, 0, 262111
787, 0, 0, 0, 262111
788, 0, 0, 0, 262111
789, 0, 0, 0, 262111
790, 0, 0, 0, 262111
791, 0, 0, 0, 262111
792, 0, 0, 0, 262111
793, 0, 0, 0, 262111
794, 0, 0, 0, 262111
795, 0, 0, 0, 262111
796, 0, 0, 0, 262111
797, 0, 0, 0, 262111
798, 0, 0, 0, 262111
799, 0, 0, 0, 262111
800, 0, 0, 0, 262111
801, 0, 0, 0, 262111
802, 0, 0, 0, 262111
803, 0, 0, 0, 262111
804, 0, 0, 0, 262111
805, 0, 0, 0, 262111
806, 0, 0, 0, 262111
807, 0, 0, 0, 262111
808, 0, 0, 0, 262111
809, 0, 0, 0, 262111
810, 0, 0, 0, 262111
811, 0, 0, 0, 262111
812, 0, 0, 0, 262111
813, 0, 0, 0, 262111
814, 0, 0, 0, 262111
815, 0, 0, 0, 262111
816, 0, 0, 0, 262111
817, 0, 0, 0, 262111
818, 0, 0, 0, 262111
819, 0, 0, 0, 262111
820, 0, 0, 0, 262111
821, 0, 0, 0, 262111
822, 0, 0, 0, 262111
823, 0, 0, 0, 262111
824, 0, 0, 0, 262111
825, 0, 0, 0, 262111
826, 0, 0, 0, 262111
827, 0, 0, 0, 262111
828, 0, 0, 0, 262111
829, 0, 0, 0, 262111
830, 0, 0, 0, 262111
831, 0, 0, 0, 262111
832, 0, 0, 0, 262111
833, 0, 0, 0, 262111
834, 0, 0, 0, 262111
835, 0, 0, 0, 262111
836, 0, 0, 0, 262111
837, 0, 0, 0, 262111
838, 0, 0, 0, 262111
839, 0, 0, 0, 262111
840, 0, 0, 0, 262111
841, 0, 0, 0, 262111
842, 0, 0, 0, 262111
843, 0, 0, 0, 262111
844, 0, 0, 0, 262111
845, 0, 0, 0, 262111
846, 0, 0, 0, 262111
847, 0, 0, 0, 262111
848, 0, 0, 0, 262111
849, 0, 0, 0, 262111
850, 0, 0, 0, 262111
851, 0, 0, 0, 262111
852, 0, 0, 0, 262111
853, 0, 0, 0, 262111
854, 0, 0, 0, 262111
855, 0, 0, 0, 262111
856, 0, 0, 0, 262111
857, 0, 0, 0, 262111
858, 0, 0, 0, 262111
859, 0, 0, 0, 262111
860, 0, 0, 0, 262111
861, 0, 0, 0, 262111
862, 0, 0, 0, 262111
863, 0, 0, 0, 262111
864, 0, 0, 0, 262111
865, 0, 0, 0, 262111
866, 0, 0, 0, 262111
868, 0, 0, 0, 262111
869, 0, 0, 0, 262111
870, 0, 0, 0, 262111
871, 0, 0, 0, 262111
872, 0, 0, 0, 262111
873, 0, 0, 0, 262111
874, 0, 0, 0, 262111
875, 0, 0, 0, 262111
876, 0, 0, 0, 262111
877, 0, 0, 0, 262111
878, 0, 0, 0, 262111
879, 0, 0, 0, 262111
880, 0, 0, 0, 262111
881, 0, 0, 0, 262111
882, 0, 0, 0, 262111
883, 0, 0, 0, 262111
884, 0, 0, 0, 262111
885, 0, 0, 0, 262111
886, 0, 0, 0, 262111
887, 0, 0, 0, 262111
888, 0, 0, 0, 262111
889, 0, 0, 0, 262111
890, 0, 0, 0, 262111
891, 0, 0, 0, 262111
892, 0, 0, 0, 262111
893, 0, 0, 0, 262111
894, 0, 0, 0, 262111
895, 0, 0, 0, 262111
896, 0, 0, 0, 262111
897, 0, 0, 0, 262111
898, 0, 0, 0, 262111
899, 0, 0, 0, 262111
900, 0, 0, 0, 262111
901, 0, 0, 0, 262111
902, 0, 0, 0, 262111
903, 0, 0, 0, 262111
904, 0, 0, 0, 262111
905, 0, 0, 0, 262111
906, 0, 0, 0, 262111
907, 0, 0, 0, 262111
908, 0, 0, 0, 262111
909, 0, 0, 0, 262111
910, 0, 0, 0, 262111
911, 0, 0, 0, 262111
912, 0, 0, 0, 262111
913, 0, 0, 0, 262111
914, 0, 0, 0, 262111
915, 0, 0, 0, 262111
916, 0, 0, 0, 262111
917, 0, 0, 0, 262111
918, 0, 0, 0, 262111
919, 0, 0, 0, 262111
920, 0, 0, 0, 262111
921, 0, 0, 0, 262111
922, 0, 0, 0, 262111
923, 0, 0, 0, 262111
924, 0, 0, 0, 262111
925, 0, 0, 0, 262111
926, 0, 0, 0, 262111
927, 0, 0, 0, 262111
928, 0, 0, 0, 262111
929, 0, 0, 0, 262111
930, 0, 0, 0, 262111
931, 0, 0, 0, 262111
932, 0, 0, 0, 262111
933, 0, 0, 0, 262111
934, 0, 0, 0, 262111
935, 0, 0, 0, 262111
936, 0, 0, 0, 262111
937, 0, 0, 0, 262111
938, 0, 0, 0, 262111
939, 0, 0, 0, 262111
940, 0, 0, 0, 262111
941, 0, 0, 0, 262111
942, 0, 0, 0, 262111
943, 0, 0, 0, 262111
944, 0, 0, 0, 262111
945, 0, 0, 0, 262111
946, 0, 0, 0, 262111
947, 0, 0, 0, 262111
948, 0, 0, 0, 262111
949, 0, 0, 0, 262111
950, 0, 0, 0, 262111
951, 0, 0, 0, 262111
952, 0, 0, 0, 262111
953, 0, 0, 0, 262111
954, 0, 0, 0, 262111
955, 0, 0, 0, 262111
956, 0, 0, 0, 262111
957, 0, 0, 0, 262111
958, 0, 0, 0, 262111
959, 0, 0, 0, 262111
960, 0, 0, 0, 262111
961, 0, 0, 0, 262111
962, 0, 0, 0, 262111
963, 0, 0, 0, 262111
964, 0, 0, 0, 262111
965, 0, 0, 0, 262111
966, 0, 0, 0, 262111
967, 0, 0, 0, 262111
968, 0, 0, 0, 262111
969, 0, 0, 0, 262111
970, 0, 0, 0, 262111
971, 0, 0, 0, 262111
972, 0, 0, 0, 262111
973, 0, 0, 0, 262111
974, 0, 0, 0, 262111
975, 0, 0, 0, 262111
976, 0, 0, 0, 262111
977, 0, 0, 0, 262111
978, 0, 0, 0, 262111
979, 0, 0, 0, 262111
980, 0, 0, 0, 262111
981, 0, 0, 0, 262111
982, 0, 0, 0, 262111
983, 0, 0, 0, 262111
984, 0, 0, 0, 262111
985, 0, 0, 0, 262111
986, 0, 0, 0, 262111
987, 0, 0, 0, 262111
988, 0, 0, 0, 262111
989, 0, 0, 0, 262111
990, 0, 0, 0, 262111
991, 0, 0, 0, 262111
992, 0, 0, 0, 262111
993, 0, 0, 0, 262111
994, 0, 0, 0, 262111
995, 0, 0, 0, 262111
996, 0, 0, 0, 262111
997, 0, 0, 0, 262111
998, 0, 0, 0, 262111
999, 0, 0, 0, 262111
1000, 0, 0, 0, 262111
1001, 0, 0, 0, 262111
1002, 0, 0, 0, 262111
1003, 0, 0, 0, 262111
1004, 0, 0, 0, 262111
1005, 0, 0, 0, 262111
1006, 0, 0, 0, 262111
1007, 0, 0, 0, 262111
1008, 0, 0, 0, 262111
1009, 0, 0, 0, 262111
1010, 0, 0, 0, 262111
1011, 0, 0, 0, 262111
1012, 0, 0, 0, 262111
1013, 0, 0, 0, 262111
1014, 0, 0, 0, 262111
1015, 0, 0, 0, 262111
1016, 0, 0, 0, 262111
1017, 0, 0, 0, 262111
1018, 0, 0, 0, 262111
1019, 0, 0, 0, 262111
1020, 0, 0, 0, 262111
1021, 0, 0, 0, 262111
1022, 0, 0, 0, 262111
1023, 0, 0, 0, 262111
1024, 0, 0, 0, 262111
1025, 0, 0, 0, 262111
1026, 0, 0, 0, 262111
1027, 0, 0, 0, 262111
1028, 0, 0, 0, 262111
1029, 0, 0, 0, 262111
1030, 0, 0, 0, 262111
1031, 0, 0, 0, 262111
1032, 0, 0, 0, 262111
1033, 0, 0, 0, 262111
1034, 0, 0, 0, 262111
1035, 0, 0, 0, 262111
1036, 0, 0, 0, 262111
1037, 0, 0, 0, 262111
1038, 0, 0, 0, 262111
1039, 0, 0, 0, 262111
1040, 0, 0, 0, 262111
1041, 0, 0, 0, 262111
1042, 0, 0, 0, 262111
1043, 0, 0, 0, 262111
1044, 0, 0, 0, 262111
1045, 0, 0, 0, 262111
1046, 0, 0, 0, 262111
1047, 0, 0, 0, 262111
1048, 0, 0, 0, 262111
1049, 0, 0, 0, 262111
1050, 0, 0, 0, 262111
1051, 0, 0, 0, 262111
1052, 0, 0, 0, 262111
1053, 0, 0, 0, 262111
1054, 0, 0, 0, 262111
1055, 0, 0, 0, 262111
1056, 0, 0, 0, 262111
1057, 0, 0, 0, 262111
1058, 0, 0, 0, 262111
1059, 0, 0, 0, 262111
1060, 0, 0, 0, 262111
1061, 0, 0, 0, 262111
1062, 0, 0, 0, 262111
1063, 0, 0, 0, 262111
1064, 0, 0, 0, 262111
1065, 0, 0, 0, 262111
1066, 0, 0, 0, 262111
1067, 0, 0, 0, 262111
1068, 0, 0, 0, 262111
1069, 0, 0, 0, 262111
1070, 0, 0, 0, 262111
1071, 0, 0, 0, 262111
1072, 0, 0, 0, 262111
1073, 0, 0, 0, 262111
1074, 0, 0, 0, 262111
1075, 0, 0, 0, 262111
1076, 0, 0, 0, 262111
1077, 0, 0, 0, 262111
1078, 0, 0, 0, 262111
1079, 0, 0, 0, 262111
1081, 0, 0, 0, 262111
1082, 0, 0, 0, 262111
1083, 0, 0, 0, 262111
1084, 0, 0, 0, 262111
1085, 0, 0, 0, 262111
1086, 0, 0, 0, 262111
1087, 0, 0, 0, 262111
1088, 0, 0, 0, 262111
1089, 0, 0, 0, 262111
1090, 0, 0, 0, 262111
1091, 0, 0, 0, 262111
1092, 0, 0, 0, 262111
1093, 0, 0, 0, 262111
1094, 0, 0, 0, 262111
1095, 0, 0, 0, 262111
1096, 0, 0, 0, 262111
1097, 0, 0, 0, 262111
1098, 0, 0, 0, 262111
1099, 0, 0, 0, 262111
1100, 0, 0, 0, 262111
1101, 0, 0, 0, 262111
1102, 0, 0, 0, 262111
1103, 0, 0, 0, 262111
1104, 0, 0, 0, 262111
1105, 0, 0, 0, 262111
1106, 0, 0, 0, 262111
1107, 0, 0, 0, 262111
1108, 0, 0, 0, 262111
1109, 0, 0, 0, 262111
1110, 0, 0, 0, 262111
1111, 0, 0, 0, 262111
1112, 0, 0, 0, 262111
1113, 0, 0, 0, 262111
1114, 0, 0, 0, 262111
1115, 0, 0, 0, 262111
1116, 0, 0, 0, 262111
1117, 0, 0, 0, 262111
1118, 0, 0, 0, 262111
1119, 0, 0, 0, 262111
1120, 0, 0, 0, 262111
1121, 0, 0, 0, 262111
1122, 0, 0, 0, 262111
1123, 0, 0, 0, 262111
1124, 0, 0, 0, 262111
1125, 0, 0, 0, 262111
1126, 0, 0, 0, 262111
1127, 0, 0, 0, 262111
1128, 0, 0, 0, 262111
1129, 0, 0, 0, 262111
1130, 0, 0, 0, 262111
1131, 0, 0, 0, 262111
1132, 0, 0, 0, 262111
1133, 0, 0, 0, 262111
1134, 0, 0, 0, 262111
1135, 0, 0, 0, 262111
1136, 0, 0, 0, 262111
1137, 0, 0, 0, 262111
1138, 0, 0, 0, 262111
1139, 0, 0, 0, 262111
1140, 0, 0, 0, 262111
1141, 0, 0, 0, 262111
1142, 0, 0, 0, 262111
1143, 0, 0, 0, 262111
1144, 0, 0, 0, 262111
1145, 0, 0, 0, 262111
1146, 0, 0, 0, 262111
1147, 0, 0, 0, 262111
1148, 0, 0, 0, 262111
1149, 0, 0, 0, 262111
1150, 0, 0, 0, 262111
1151, 0, 0, 0, 262111
1152, 0, 0, 0, 262111
1153, 0, 0, 0, 262111
1154, 0, 0, 0, 262111
1155, 0, 0, 0, 262111
1156, 0, 0, 0, 262111
1157, 0, 0, 0, 262111
1158, 0, 0, 0, 262111
1159, 0, 0, 0, 262111
1160, 0, 0, 0, 262111
1161, 0, 0, 0, 262111
1162, 0, 0, 0, 262111
1163, 0, 0, 0, 262111
1164, 0, 0, 0, 262111
1165, 0, 0, 0, 262111
1166, 0, 0, 0, 262111
1167, 0, 0, 0, 262111
1168, 0, 0, 0, 262111
1169, 0, 0, 0, 262111
1170, 0, 0, 0, 262111
1171, 0, 0, 0, 262111
1172, 0, 0, 0, 262111
1173, 0, 0, 0, 262111
1174, 0, 0, 0, 262111
1175, 0, 0, 0, 262111
1176, 0, 0, 0, 262111
1177, 0, 0, 0, 262111
1178, 0, 0, 0, 262111
1179, 0, 0, 0, 262111
1180, 0, 0, 0, 262111
1181, 0, 0, 0, 262111
1182, 0, 0, 0, 262111
1183, 0, 0, 0, 262111
1184, 0, 0, 0, 262111
1185, 0, 0, 0, 262111
1186, 0, 0, 0, 262111
1187, 0, 0, 0, 262111
1188, 0, 0, 0, 262111
1189, 0, 0, 0, 262111
1190, 0, 0, 0, 262111
1191, 0, 0, 0, 262111
1192, 0, 0, 0, 262111
1193, 0, 0, 0, 262111
1194, 0, 0, 0, 262111
1195, 0, 0, 0, 262111
1196, 0, 0, 0, 262111
1197, 0, 0, 0, 262111
1198, 0, 0, 0, 262111
1199, 0, 0, 0, 262111
1200, 0, 0, 0, 262111
1201, 0, 0, 0, 262111
1202, 0, 0, 0, 262111
1203, 0, 0, 0, 262111
1204, 0, 0, 0, 262111
1205, 0, 0, 0, 262111
1206, 0, 0, 0, 262111
1207, 0, 0, 0, 262111
1208, 0, 0, 0, 262111
1209, 0, 0, 0, 262111
1210, 0, 0, 0, 262111
1211, 0, 0, 0, 262111
1212, 0, 0, 0, 262111
1213, 0, 0, 0, 262111
1214, 0, 0, 0, 262111
1215, 0, 0, 0, 262111
1216, 0, 0, 0, 262111
1217, 0, 0, 0, 262111
1218, 0, 0, 0, 262111
1219, 0, 0, 0, 262111
1220, 0, 0, 0, 262111
1221, 0, 0, 0, 262111
1222, 0, 0, 0, 262111
1223, 0, 0, 0, 262111
1224, 0, 0, 0, 262111
1225, 0, 0, 0, 262111
1226, 0, 0, 0, 262111
1227, 0, 0, 0, 262111
1228, 0, 0, 0, 262111
1229, 0, 0, 0, 262111
1230, 0, 0, 0, 262111
1231, 0, 0, 0, 262111
1232, 0, 0, 0, 262111
1233, 0, 0, 0, 262111
1234, 0, 0, 0, 262111
1235, 0, 0, 0, 262111
1236, 0, 0, 0, 262111
1237, 0, 0, 0, 262111
1238, 0, 0, 0, 262111
1239, 0, 0, 0, 262111
1240, 0, 0, 0, 262111
1241, 0, 0, 0, 262111
1242, 0, 0, 0, 262111
1243, 0, 0, 0, 262111
1244, 0, 0, 0, 262111
1245, 0, 0, 0, 262111
1246, 0, 0, 0, 262111
1247, 0, 0, 0, 262111
1248, 0, 0, 0, 262111
1249, 0, 0, 0, 262111
1250, 0, 0, 0, 262111
1251, 0, 0, 0, 262111
1252, 0, 0, 0, 262111
1253, 0, 0, 0, 262111
1254, 0, 0, 0, 262111
1255, 0, 0, 0, 262111
1256, 0, 0, 0, 262111
1257, 0, 0, 0, 262111
1258, 0, 0, 0, 262111
1259, 0, 0, 0, 262111
1260, 0, 0, 0, 262111
1261, 0, 0, 0, 262111
1262, 0, 0, 0, 262111
1263, 0, 0, 0, 262111
1264, 0, 0, 0, 262111
1265, 0, 0, 0, 262111
1266, 0, 0, 0, 262111
1267, 0, 0, 0, 262111
1268, 0, 0, 0, 262111
1269, 0, 0, 0, 262111
1270, 0, 0, 0, 262111
1271, 0, 0, 0, 262111
1272, 0, 0, 0, 262111
1273, 0, 0, 0, 262111
1274, 0, 0, 0, 262111
1275, 0, 0, 0, 262111
1276, 0, 0, 0, 262111
1277, 0, 0, 0, 262111
1278, 0, 0, 0, 262111
1279, 0, 0, 0, 262111
1280, 0, 0, 0, 262111
1281, 0, 0, 0, 262111
1282, 0, 0, 0, 262111
1283, 0, 0, 0, 262111
1284, 0, 0, 0, 262111
1285, 0, 0, 0, 262111
1286, 0, 0, 0, 262111
1287, 0, 0, 0, 262111
1288, 0, 0, 0, 262111
1289, 0, 0, 0, 262111
1290, 0, 0, 0, 262111
1291, 0, 0, 0, 262111
1293, 0, 0, 0, 262111
1294, 0, 0, 0, 262111
1295, 0, 0, 0, 262111
1296, 0, 0, 0, 262111
1297, 0, 0, 0, 262111
1298, 0, 0, 0, 262111
1299, 0, 0, 0, 262111
1300, 0, 0, 0, 262111
1301, 0, 0, 0, 262111
1302, 0, 0, 0, 262111
1303, 0, 0, 0, 262111
1304, 0, 0, 0, 262111
1305, 0, 0, 0, 262111
1306, 0, 0, 0, 262111
1307, 0, 0, 0, 262111
1308, 0, 0, 0, 262111
1309, 0, 0, 0, 262111
1310, 0, 0, 0, 262111
1311, 0, 0, 0, 262111
1312, 0, 0, 0, 262111
1313, 0, 0, 0, 262111
1314, 0, 0, 0, 262111
1315, 0, 0, 0, 262111
1316, 0, 0, 0, 262111
1317, 0, 0, 0, 262111
1318, 0, 0, 0, 262111
1319, 0, 0, 0, 262111
1320, 0, 0, 0, 262111
1321, 0, 0, 0, 262111
1322, 0, 0, 0, 262111
1323, 0, 0, 0, 262111
1324, 0, 0, 0, 262111
1325, 0, 0, 0, 262111
1326, 0, 0, 0, 262111
1327, 0, 0, 0, 262111
1328, 0, 0, 0, 262111
1329, 0, 0, 0, 262111
1330, 0, 0, 0, 262111
1331, 0, 0, 0, 262111
1332, 0, 0, 0, 262111
1333, 0, 0, 0, 262111
1334, 0, 0, 0, 262111
1335, 0, 0, 0, 262111
1336, 0, 0, 0, 262111
1337, 0, 0, 0, 262111
1338, 0, 0, 0, 262111
1339, 0, 0, 0, 262111
1340, 0, 0, 0, 262111
1341, 0, 0, 0, 262111
1342, 0, 0, 0, 262111
1343, 0, 0, 0, 262111
1344, 0, 0, 0, 262111
1345, 0, 0, 0, 262111
1346, 0, 0, 0, 262111
1347, 0, 0, 0, 262111
1348, 0, 0, 0, 262111
1349, 0, 0, 0, 262111
1350, 0, 0, 0, 262111
1351, 0, 0, 0, 262111
1352, 0, 0, 0, 262111
1353, 0, 0, 0, 262111
1354, 0, 0, 0, 262111
1355, 0, 0, 0, 262111
1356, 0, 0, 0, 262111
1357, 0, 0, 0, 262111
1358, 0, 0, 0, 262111
1359, 0, 0, 0, 262111
1360, 0, 0, 0, 262111
1361, 0, 0, 0, 262111
1362, 0, 0, 0, 262111
1363, 0, 0, 0, 262111
1364, 0, 0, 0, 262111
1365, 0, 0, 0, 262111
1366, 0, 0, 0, 262111
1367, 0, 0, 0, 262111
1368, 0, 0, 0, 262111
1369, 0, 0, 0, 262111
1370, 0, 0, 0, 262111
1371, 0, 0, 0, 262111
1372, 0, 0, 0, 262111
1373, 0, 0, 0, 262111
1374, 0, 0, 0, 262111
1375, 0, 0, 0, 262111
1376, 0, 0, 0, 262111
1377, 0, 0, 0, 262111
1378, 0, 0, 0, 262111
1379, 0, 0, 0, 262111
1380, 0, 0, 0, 262111
1381, 0, 0, 0, 262111
1382, 0, 0, 0, 262111
1383, 0, 0, 0, 262111
1384, 0, 0, 0, 262111
1385, 0, 0, 0, 262111
1386, 0, 0, 0, 262111
1387, 0, 0, 0, 262111
1388, 0, 0, 0, 262111
1389, 0, 0, 0, 262111
1390, 0, 0, 0, 262111
1391, 0, 0, 0, 262111
1392, 0, 0, 0, 262111
1393, 0, 0, 0, 262111
1394, 0, 0, 0, 262111
1395, 0, 0, 0, 262111
1396, 0, 0, 0, 262111
1397, 0, 0, 0, 262111
1398, 0, 0, 0, 262111
1399, 0, 0, 0, 262111
1400, 0, 0, 0, 262111
1401, 0, 0, 0, 262111
1402, 0, 0, 0, 262111
1403, 0, 0, 0, 262111
1404, 0, 0, 0, 262111
1405, 0, 0, 0, 262111
1406, 0, 0, 0, 262111
1407, 0, 0, 0, 262111
1408, 0, 0, 0, 262111
1409, 0, 0, 0, 262111
1410, 0, 0, 0, 262111
1411, 0, 0, 0, 262111
1412, 0, 0, 0, 262111
1413, 0, 0, 0, 262111
1414, 0, 0, 0, 262111
1415, 0, 0, 0, 262111
1416, 0, 0, 0, 262111
1417, 0, 0, 0, 262111
1418, 0, 0, 0, 262111
1419, 0, 0, 0, 262111
1420, 0, 0, 0, 262111
1421, 0, 0, 0, 262111
1422, 0, 0, 0, 262111
1423, 0, 0, 0, 262111
1424, 0, 0, 0, 262111
1425, 0, 0, 0, 262111
1426, 0, 0, 0, 262111
1427, 0, 0, 0, 262111
1428, 0, 0, 0, 262111
1429, 0, 0, 0, 262111
1430, 0, 0, 0, 262111
1431, 0, 0, 0, 262111
1432, 0, 0, 0, 262111
1433, 0, 0, 0, 262111
1434, 0, 0, 0, 262111
1435, 0, 0, 0, 262111
1436, 0, 0, 0, 262111
1437, 0, 0, 0, 262111
1438, 0, 0, 0, 262111
1439, 0, 0, 0, 262111
1440, 0, 0, 0, 262111
1441, 0, 0, 0, 262111
1442, 0, 0, 0, 262111
1443, 0, 0, 0, 262111
1444, 0, 0, 0, 262111
1445, 0, 0, 0, 262111
1446, 0, 0, 0, 262111
1447, 0, 0, 0, 262111
1448, 0, 0, 0, 262111
1449, 0, 0, 0, 262111
1450, 0, 0, 0, 262111
1451, 0, 0, 0, 262111
1452, 0, 0, 0, 262111
1453, 0, 0, 0, 262111
1454, 0, 0, 0, 262111
1455, 0, 0, 0, 262111
1456, 0, 0, 0, 262111
1457, 0, 0, 0, 262111
1458, 0, 0, 0, 262111
1459, 0, 0, 0, 262111
1460, 0, 0, 0, 262111
1461, 0, 0, 0, 262111
1462, 0, 0, 0, 262111
1463, 0, 0, 0, 262111
1464, 0, 0, 0, 262111
1465, 0, 0, 0, 262111
1466, 0, 0, 0, 262111
1467, 0, 0, 0, 262111
1468, 0, 0, 0, 262111
1469, 0, 0, 0, 262111
1470, 0, 0, 0, 262111
1471, 0, 0, 0, 262111
1472, 0, 0, 0, 262111
1473, 0, 0, 0, 262111
1474, 0, 0, 0, 262111
1475, 0, 0, 0, 262111
1476, 0, 0, 0, 262111
1477, 0, 0, 0, 262111
1478, 0, 0, 0, 262111
1479, 0, 0, 0, 262111
1480, 0, 0, 0, 262111
1481, 0, 0, 0, 262111
1482, 0, 0, 0, 262111
1483, 0, 0, 0, 262111
1484, 0, 0, 0, 262111
1485, 0, 0, 0, 262111
1486, 0, 0, 0, 262111
1487, 0, 0, 0, 262111
1488, 0, 0, 0, 262111
1489, 0, 0, 0, 262111
1490, 0, 0, 0, 262111
1491, 0, 0, 0, 262111
1492, 0, 0, 0, 262111
1493, 0, 0, 0, 262111
1494, 0, 0, 0, 262111
1495, 0, 0, 0, 262111
1496, 0, 0, 0, 262111
1497, 0, 0, 0, 262111
1498, 0, 0, 0, 262111
1499, 0, 0, 0, 262111
1500, 0, 0, 0, 262111
1501, 0, 0, 0, 262111
1502, 0, 0, 0, 262111
1503, 0, 0, 0, 262111
1504, 0, 0, 0, 262111
1506, 0, 0, 0, 262111
1507, 0, 0, 0, 262111
1508, 0, 0, 0, 262111
1509, 0, 0, 0, 262111
1510, 0, 0, 0, 262111
1511, 0, 0, 0, 262111
1512, 0, 0, 0, 262111
1513, 0, 0, 0, 262111
1514, 0, 0, 0, 262111
1515, 0, 0, 0, 262111
1516, 0, 0, 0, 262111
1517, 0, 0, 0, 262111
1518, 0, 0, 0, 262111
1519, 0, 0, 0, 262111
1520, 0, 0, 0, 262111
1521, 0, 0, 0, 262111
1522, 0, 0, 0, 262111
1523, 0, 0, 0, 262111
1524, 0, 0, 0, 262111
1525, 0, 0, 0, 262111
1526, 0, 0, 0, 262111
1527, 0, 0, 0, 262111
1528, 0, 0, 0, 262111
1529, 0, 0, 0, 262111
1530, 0, 0, 0, 262111
1531, 0, 0, 0, 262111
1532, 0, 0, 0, 262111
1533, 0, 0, 0, 262111
1534, 0, 0, 0, 262111
1535, 0, 0, 0, 262111
1536, 0, 0, 0, 262111
1537, 0, 0, 0, 262111
1538, 0, 0, 0, 262111
1539, 0, 0, 0, 262111
1540, 0, 0, 0, 262111
1541, 0, 0, 0, 262111
1542, 0, 0, 0, 262111
1543, 0, 0, 0, 262111
1544, 0, 0, 0, 262111
1545, 0, 0, 0, 262111
1546, 0, 0, 0, 262111
1547, 0, 0, 0, 262111
1548, 0, 0, 0, 262111
1549, 0, 0, 0, 262111
1550, 0, 0, 0, 262111
1551, 0, 0, 0, 262111
1552, 0, 0, 0, 262111
1553, 0, 0, 0, 262111
1554, 0, 0, 0, 262111
1555, 0, 0, 0, 262111
1556, 0, 0, 0, 262111
1557, 0, 0, 0, 262111
1558, 0, 0, 0, 262111
1559, 0, 0, 0, 262111
1560, 0, 0, 0, 262111
1561, 0, 0, 0, 262111
1562, 0, 0, 0, 262111
1563, 0, 0, 0, 262111
1564, 0, 0, 0, 262111
1565, 0, 0, 0, 262111
1566, 0, 0, 0, 262111
1567, 0, 0, 0, 262111
1568, 0, 0, 0, 262111
1569, 0, 0, 0, 262111
1570, 0, 0, 0, 262111
1571, 0, 0, 0, 262111
1572, 0, 0, 0, 262111
1573, 0, 0, 0, 262111
1574, 0, 0, 0, 262111
1575, 0, 0, 0, 262111
1576, 0, 0, 0, 262111
1577, 0, 0, 0, 262111
1578, 0, 0, 0, 262111
1579, 0, 0, 0, 262111
1580, 0, 0, 0, 262111
1581, 0, 0, 0, 262111
1582, 0, 0, 0, 262111
1583, 0, 0, 0, 262111
1584, 0, 0, 0, 262111
1585, 0, 0, 0, 262111
1586, 0, 0, 0, 262111
1587, 0, 0, 0, 262111
1588, 0, 0, 0, 262111
1589, 0, 0, 0, 262111
1590, 0, 0, 0, 262111
1591, 0, 0, 0, 262111
1592, 0, 0, 0, 262111
1593, 0, 0, 0, 262111
1594, 0, 0, 0, 262111
1595, 0, 0, 0, 262111
1596, 0, 0, 0, 262111
1597, 0, 0, 0, 262111
1598, 0, 0, 0, 262111
1599, 0, 0, 0, 262111
1600, 0, 0, 0, 262111
1601, 0, 0, 0, 262111
1602, 0, 0, 0, 262111
1603, 0, 0, 0, 262111
1604, 0, 0, 0, 262111
1605, 0, 0, 0, 262111
1606, 0, 0, 0, 262111
1607, 0, 0, 0, 262111
1608, 0, 0, 0, 262111
1609, 0, 0, 0, 262111
1610, 0, 0, 0, 262111
1611, 0, 0, 0, 262111
1612, 0, 0, 0, 262111
1613, 0, 0, 0, 262111
1614, 0, 0, 0, 262111
1615, 0, 0, 0, 262111
1616, 0, 0, 0, 262111
1617, 0, 0, 0, 262111
1618, 0, 0, 0, 262111
1619, 0, 0, 0, 262111
1620, 0, 0, 0, 262111
1621, 0, 0, 0, 262111
1622, 0, 0, 0, 262111
1623, 0, 0, 0, 262111
1624, 0, 0, 0, 262111
1625, 0, 0, 0, 262111
1626, 0, 0, 0, 262111
1627, 0, 0, 0, 262111
1628, 0, 0, 0, 262111
1629, 0, 0, 0, 262111
1630, 0, 0, 0, 262111
1631, 0, 0, 0, 262111
1632, 0, 0, 0, 262111
1633, 0, 0, 0, 262111
1634, 0, 0, 0, 262111
1635, 0, 0, 0, 262111
1636, 0, 0, 0, 262111
1637, 0, 0, 0, 262111
1638, 0, 0, 0, 262111
1639, 0, 0, 0, 262111
1640, 0, 0, 0, 262111
1641, 0, 0, 0, 262111
1642, 0, 0, 0, 262111
1643, 0, 0, 0, 262111
1644, 0, 0, 0, 262111
1645, 0, 0, 0, 262111
1646, 0, 0, 0, 262111
1647, 0, 0, 0, 262111
1648, 0, 0, 0, 262111
1649, 0, 0, 0, 262111
1650, 0, 0, 0, 262111
1651, 0, 0, 0, 262111
1652, 0, 0, 0, 262111
1653, 0, 0, 0, 262111
1654, 0, 0, 0, 262111
1655, 0, 0, 0, 262111
1656, 0, 0, 0, 262111
1657, 0, 0, 0, 262111
1658, 0, 0, 0, 262111
1659, 0, 0, 0, 262111
1660, 0, 0, 0, 262111
1661, 0, 0, 0, 262111
1662, 0, 0, 0, 262111
1663, 0, 0, 0, 262111
1664, 0, 0, 0, 262111
1665, 0, 0, 0, 262111
1666, 0, 0, 0, 262111
1667, 0, 0, 0, 262111
1668, 0, 0, 0, 262111
1669, 0, 0, 0, 262111
1670, 0, 0, 0, 262111
1671, 0, 0, 0, 262111
1672, 0, 0, 0, 262111
1673, 0, 0, 0, 262111
1674, 0, 0, 0, 262111
1675, 0, 0, 0, 262111
1676, 0, 0, 0, 262111
1677, 0, 0, 0, 262111
1678, 0, 0, 0, 262111
1679, 0, 0, 0, 262111
1680, 0, 0, 0, 262111
1681, 0, 0, 0, 262111
1682, 0, 0, 0, 262111
1683, 0, 0, 0, 262111
1684, 0, 0, 0, 262111
1685, 0, 0, 0, 262111
1686, 0, 0, 0, 262111
1687, 0, 0, 0, 262111
1688, 0, 0, 0, 262111
1689, 0, 0, 0, 262111
1690, 0, 0, 0, 262111
1691, 0, 0, 0, 262111
1692, 0, 0, 0, 262111
1693, 0, 0, 0, 262111
1694, 0, 0, 0, 262111
1695, 0, 0, 0, 262111
1696, 0, 0, 0, 262111
1697, 0, 0, 0, 262111
1698, 0, 0, 0, 262111
1699, 0, 0, 0, 262111
1700, 0, 0, 0, 262111
1701, 0, 0, 0, 262111
1702, 0, 0, 0, 262111
1703, 0, 0, 0, 262111
1704, 0, 0, 0, 262111
1705, 0, 0, 0, 262111
1706, 0, 0, 0, 262111
1707, 0, 0, 0, 262111
1708, 0, 0, 0, 262111
1709, 0, 0, 0, 262111
1710, 0, 0, 0, 262111
1711, 0, 0, 0, 262111
1712, 0, 0, 0, 262111
1713, 0, 0, 0, 262111
1714, 0, 0, 0, 262111
1715, 0, 0, 0, 262111
1716, 0, 0, 0, 262111
1718, 0, 0, 0, 262111
1719, 0, 0, 0, 262111
1720, 0, 0, 0, 262111
1721, 0, 0, 0, 262111
1722, 0, 0, 0, 262111
1723, 0, 0, 0, 262111
1724, 0, 0, 0, 262111
1725, 0, 0, 0, 262111
1726, 0, 0, 0, 262111
1727, 0, 0, 0, 262111
1728, 0, 0, 0, 262111
1729, 0, 0, 0, 262111
1730, 0, 0, 0, 262111
1731, 0, 0, 0, 262111
1732, 0, 0, 0, 262111
1733, 0, 0, 0, 262111
1734, 0, 0, 0, 262111
1735, 0, 0, 0, 262111
1736, 0, 0, 0, 262111
1737, 0, 0, 0, 262111
1738, 0, 0, 0, 262111
1739, 0, 0, 0, 262111
1740, 0, 0, 0, 262111
1741, 0, 0, 0, 262111
1742, 0, 0, 0, 262111
1743, 0, 0, 0, 262111
1744, 0, 0, 0, 262111
1745, 0, 0, 0, 262111
1746, 0, 0, 0, 262111
1747, 0, 0, 0, 262111
1748, 0, 0, 0, 262111
1749, 0, 0, 0, 262111
1750, 0, 0, 0, 262111
1751, 0, 0, 0, 262111
1752, 0, 0, 0, 262111
1753, 0, 0, 0, 262111
1754, 0, 0, 0, 262111
1755, 0, 0, 0, 262111
1756, 0, 0, 0, 262111
1757, 0, 0, 0, 262111
1758, 0, 0, 0, 262111
1759, 0, 0, 0, 262111
1760, 0, 0, 0, 262111
1761, 0, 0, 0, 262111
1762, 0, 0, 0, 262111
1763, 0, 0, 0, 262111
1764, 0, 0, 0, 262111
1765, 0, 0, 0, 262111
1766, 0, 0, 0, 262111
1767, 0, 0, 0, 262111
1768, 0, 0, 0, 262111
1769, 0, 0, 0, 262111
1770, 0, 0, 0, 262111
1771, 0, 0, 0, 262111
1772, 0, 0, 0, 262111
1773, 0, 0, 0, 262111
1774, 0, 0, 0, 262111
1775, 0, 0, 0, 262111
1776, 0, 0, 0, 262111
1777, 0, 0, 0, 262111
1778, 0, 0, 0, 262111
1779, 0, 0, 0, 262111
1780, 0, 0, 0, 262111
1781, 0, 0, 0, 262111
1782, 0, 0, 0, 262111
1783, 0, 0, 0, 262111
1784, 0, 0, 0, 262111
1785, 0, 0, 0, 262111
1786, 0, 0, 0, 262111
1787, 0, 0, 0, 262111
1788, 0, 0, 0, 262111
1789, 0, 0, 0, 262111
1790, 0, 0, 0, 262111
1791, 0, 0, 0, 262111
1792, 0, 0, 0, 262111
1793, 0, 0, 0, 262111
1794, 0, 0, 0, 262111
1795, 0, 0, 0, 262111
1796, 0, 0, 0, 262111
1797, 0, 0, 0, 262111
1798, 0, 0, 0, 262111
1799, 0, 0, 0, 262111
1800, 0, 0, 0, 262111
1801, 0, 0, 0, 262111
1802, 0, 0, 0, 262111
1803, 0, 0, 0, 262111
1804, 0, 0, 0, 262111
1805, 0, 0, 0, 262111
1806, 0, 0, 0, 262111
1807, 0, 0, 0, 262111
1808, 0, 0, 0, 262111
1809, 0, 0, 0, 262111
1810, 0, 0, 0, 262111
1811, 0, 0, 0, 262111
1812, 0, 0, 0, 262111
1813, 0, 0, 0, 262111
1814, 0, 0, 0, 262111
1815, 0, 0, 0, 262111
1816, 0, 0, 0, 262111
1817, 0, 0, 0, 262111
1818, 0, 0, 0, 262111
1819, 0, 0, 0, 262111
1820, 0, 0, 0, 262111
1821, 0, 0, 0, 262111
1822, 0, 0, 0, 262111
1823, 0, 0, 0, 262111
1824, 0, 0, 0, 262111
1825, 0, 0, 0, 262111
1826, 0, 0, 0, 262111
1827, 0, 0, 0, 262111
1828, 0, 0, 0, 262111
1829, 0, 0, 0, 262111
1830, 0, 0, 0, 262111
1831, 0, 0, 0, 262111
1832, 0, 0, 0, 262111
1833, 0, 0, 0, 262111
1834, 0, 0, 0, 262111
1835, 0, 0, 0, 262111
1836, 0, 0, 0, 262111
1837, 0, 0, 0, 262111
1838, 0, 0, 0, 262111
1839, 0, 0, 0, 262111
1840, 0, 0, 0, 262111
1841, 0, 0, 0, 262111
1842, 0, 0, 0, 262111
1843, 0, 0, 0, 262111
1844, 0, 0, 0, 262111
1845, 0, 0, 0, 262111
1846, 0, 0, 0, 262111
1847, 0, 0, 0, 262111
1848, 0, 0, 0, 262111
1849, 0, 0, 0, 262111
1850, 0, 0, 0, 262111
1851, 0, 0, 0, 262111
1852, 0, 0, 0, 262111
1853, 0, 0, 0, 262111
1854, 0, 0, 0, 262111
1855, 0, 0, 0, 262111
1856, 0, 0, 0, 262111
1857, 0, 0, 0, 262111
1858, 0, 0, 0, 262111
1859, 0, 0, 0, 262111
1860, 0, 0, 0, 262111
1861, 0, 0, 0, 262111
1862, 0, 0, 0, 262111
1863, 0, 0, 0, 262111
1864, 0, 0, 0, 262111
1865, 0, 0, 0, 262111
1866, 0, 0, 0, 262111
1867, 0, 0, 0, 262111
1868, 0, 0, 0, 262111
1869, 0, 0, 0, 262111
1870, 0, 0, 0, 262111
1871, 0, 0, 0, 262111
1872, 0, 0, 0, 262111
1873, 0, 0, 0, 262111
1874, 0, 0, 0, 262111
1875, 0, 0, 0, 262111
1876, 0, 0, 0, 262111
1877, 0, 0, 0, 262111
1878, 0, 0, 0, 262111
1879, 0, 0, 0, 262111
1880, 0, 0, 0, 262111
1881, 0, 0, 0, 262111
1882, 0, 0, 0, 262111
1883, 0, 0, 0, 262111
1884, 0, 0, 0, 262111
1885, 0, 0, 0, 262111
1886, 0, 0, 0, 262111
1887, 0, 0, 0, 262111
1888, 0, 0, 0, 262111
1889, 0, 0, 0, 262111
1890, 0, 0, 0, 262111
1891, 0, 0, 0, 262111
1892, 0, 0, 0, 262111
1893, 0, 0, 0, 262111
1894, 0, 0, 0, 262111
1895, 0, 0, 0, 262111
1896, 0, 0, 0, 262111
1897, 0, 0, 0, 262111
1898, 0, 0, 0, 262111
1899, 0, 0, 0, 262111
1900, 0, 0, 0, 262111
1901, 0, 0, 0, 262111
1902, 0, 0, 0, 262111
1903, 0, 0, 0, 262111
1904, 0, 0, 0, 262111
1905, 0, 0, 0, 262111
1906, 0, 0, 0, 262111
1907, 0, 0, 0, 262111
1908, 0, 0, 0, 262111
1909, 0, 0, 0, 262111
1910, 0, 0, 0, 262111
1911, 0, 0, 0, 262111
1912, 0, 0, 0, 262111
1913, 0, 0, 0, 262111
1914, 0, 0, 0, 262111
1915, 0, 0, 0, 262111
1916, 0, 0, 0, 262111
1917, 0, 0, 0, 262111
1918, 0, 0, 0, 262111
1919, 0, 0, 0, 262111
1920, 0, 0, 0, 262111
1921, 0, 0, 0, 262111
1922, 0, 0, 0, 262111
1923, 0, 0, 0, 262111
1924, 0, 0, 0, 262111
1925, 0, 0, 0, 262111
1926, 0, 0, 0, 262111
1927, 0, 0, 0, 262111
1928, 0, 0, 0, 262111
1929, 0, 0, 0, 262111
1931, 0, 0, 0, 262111
1932, 0, 0, 0, 262111
1933, 0, 0, 0, 262111
1934, 0, 0, 0, 262111
1935, 0, 0, 0, 262111
1936, 0, 0, 0, 262111
1937, 0, 0, 0, 262111
1938, 0, 0, 0, 262111
1939, 0, 0, 0, 262111
1940, 0, 0, 0, 262111
1941, 0, 0, 0, 262111
1942, 0, 0, 0, 262111
1943, 0, 0, 0, 262111
1944, 0, 0, 0, 262111
1945, 0, 0, 0, 262111
1946, 0, 0, 0, 262111
1947, 0, 0, 0, 262111
1948, 0, 0, 0, 262111
1949, 0, 0, 0, 262111
1950, 0, 0, 0, 262111
1951, 0, 0, 0, 262111
1952, 0, 0, 0, 262111
1953, 0, 0, 0, 262111
1954, 0, 0, 0, 262111
1955, 0, 0, 0, 262111
1956, 0, 0, 0, 262111
1957, 0, 0, 0, 262111
1958, 0, 0, 0, 262111
1959, 0, 0, 0, 262111
1960, 0, 0, 0, 262111
1961, 0, 0, 0, 262111
1962, 0, 0, 0, 262111
1963, 0, 0, 0, 262111
1964, 0, 0, 0, 262111
1965, 0, 0, 0, 262111
1966, 0, 0, 0, 262111
1967, 0, 0, 0, 262111
1968, 0, 0, 0, 262111
1969, 0, 0, 0, 262111
1970, 0, 0, 0, 262111
1971, 0, 0, 0, 262111
1972, 0, 0, 0, 262111
1973, 0, 0, 0, 262111
1974, 0, 0, 0, 262111
1975, 0, 0, 0, 262111
1976, 0, 0, 0, 262111
1977, 0, 0, 0, 262111
1978, 0, 0, 0, 262111
1979, 0, 0, 0, 262111
1980, 0, 0, 0, 262111
1981, 0, 0, 0, 262111
1982, 0, 0, 0, 262111
1983, 0, 0, 0, 262111
1984, 0, 0, 0, 262111
1985, 0, 0, 0, 262111
1986, 0, 0, 0, 262111
1987, 0, 0, 0, 262111
1988, 0, 0, 0, 262111
1989, 0, 0, 0, 262111
1990, 0, 0, 0, 262111
1991, 0, 0, 0, 262111
1992, 0, 0, 0, 262111
1993, 0, 0, 0, 262111
1994, 0, 0, 0, 262111
1995, 0, 0, 0, 262111
1996, 0, 0, 0, 262111
1997, 0, 0, 0, 262111
1998, 0, 0, 0, 262111
1999, 0, 0, 0, 262111
2000, 0, 0, 0, 262111
2001, 0, 0, 0, 262111
2002, 0, 0, 0, 262111
2003, 0, 0, 0, 262111
2004, 0, 0, 0, 262111
2005, 0, 0, 0, 262111
2006, 0, 0, 0, 262111
2007, 0, 0, 0, 262111
2008, 0, 0, 0, 262111
2009, 0, 0, 0, 262111
2010, 0, 0, 0, 262111
2011, 0, 0, 0, 262111
2012, 0, 0, 0, 262111
2013, 0, 0, 0, 262111
2014, 0, 0, 0, 262111
2015, 0, 0, 0, 262111
2016, 0, 0, 0, 262111
2017, 0, 0, 0, 262111
2018, 0, 0, 0, 262111
2019, 0, 0, 0, 262111
2020, 0, 0, 0, 262111
2021, 0, 0, 0, 262111
2022, 0, 0, 0, 262111
2023, 0, 0, 0, 262111
2024, 0, 0, 0, 262111
2025, 0, 0, 0, 262111
2026, 0, 0, 0, 262111
2027, 0, 0, 0, 262111
2028, 0, 0, 0, 262111
2029, 0, 0, 0, 262111
2030, 0, 0, 0, 262111
2031, 0, 0, 0, 262111
2032, 0, 0, 0, 262111
2033, 0, 0, 0, 262111
2034, 0, 0, 0, 262111
2035, 0, 0, 0, 262111
2036, 0, 0, 0, 262111
2037, 0, 0, 0, 262111
2038, 0, 0, 0, 262111
2039, 0, 0, 0, 262111
2040, 0, 0, 0, 262111
2041, 0, 0, 0, 262111
2042, 0, 0, 0, 262111
2043, 0, 0, 0, 262111
2044, 0, 0, 0, 262111
2045, 0, 0, 0, 262111
2046, 0, 0, 0, 262111
2047, 0, 0, 0, 262111
2048, 0, 0, 0, 262111
2049, 0, 0, 0, 262111
2050, 0, 0, 0, 262111
2051, 0, 0, 0, 262111
2052, 0, 0, 0, 262111
2053, 0, 0, 0, 262111
2054, 0, 0, 0, 262111
2055, 0, 0, 0, 262111
2056, 0, 0, 0, 262111
2057, 0, 0, 0, 262111
2058, 0, 0, 0, 262111
2059, 0, 0, 0, 262111
2060, 0, 0, 0, 262111
2061, 0, 0, 0, 262111
2062, 0, 0, 0, 262111
2063, 0, 0, 0, 262111
2064, 0, 0, 0, 262111
2065, 0, 0, 0, 262111
2066, 0, 0, 0, 262111
2067, 0, 0, 0, 262111
2068, 0, 0, 0, 262111
2069, 0, 0, 0, 262111
2070, 0, 0, 0, 262111
2071, 0, 0, 0, 262111
2072, 0, 0, 0, 262111
2073, 0, 0, 0, 262111
2074, 0, 0, 0, 262111
2075, 0, 0, 0, 262111
2076, 0, 0, 0, 262111
2077, 0, 0, 0, 262111
2078, 0, 0, 0, 262111
2079, 0, 0, 0, 262111
2080, 0, 0, 0, 262111
2081, 0, 0, 0, 262111
2082, 0, 0, 0, 262111
2083, 0, 0, 0, 262111
2084, 0, 0, 0, 262111
2085, 0, 0, 0, 262111
2086, 0, 0, 0, 262111
2087, 0, 0, 0, 262111
2088, 0, 0, 0, 262111
2089, 0, 0, 0, 262111
2090, 0, 0, 0, 262111
2091, 0, 0, 0, 262111
2092, 0, 0, 0, 262111
2093, 0, 0, 0, 262111
2094, 0, 0, 0, 262111
2095, 0, 0, 0, 262111
2096, 0, 0, 0, 262111
2097, 0, 0, 0, 262111
2098, 0, 0, 0, 262111
2099, 0, 0, 0, 262111
2100, 0, 0, 0, 262111
2101, 0, 0, 0, 262111
2102, 0, 0, 0, 262111
2103, 0, 0, 0, 262111
2104, 0, 0, 0, 262111
2105, 0, 0, 0, 262111
2106, 0, 0, 0, 262111
2107, 0, 0, 0, 262111
2108, 0, 0, 0, 262111
2109, 0, 0, 0, 262111
2110, 0, 0, 0, 262111
2111, 0, 0, 0, 262111
2112, 0, 0, 0, 262111
2113, 0, 0, 0, 262111
2114, 0, 0, 0, 262111
2115, 0, 0, 0, 262111
2116, 0, 0, 0, 262111
2117, 0, 0, 0, 262111
2118, 0, 0, 0, 262111
2119, 0, 0, 0, 262111
2120, 0, 0, 0, 262111
2121, 0, 0, 0, 262111
2122, 0, 0, 0, 262111
2123, 0, 0, 0, 262111
2124, 0, 0, 0, 262111
2125, 0, 0, 0, 262111
2126, 0, 0, 0, 262111
2127, 0, 0, 0, 262111
2128, 0, 0, 0, 262111
2129, 0, 0, 0, 262111
2130, 0, 0, 0, 262111
2131, 0, 0, 0, 262111
2132, 0, 0, 0, 262111
2133, 0, 0, 0, 262111
2134, 0, 0, 0, 262111
2135, 0, 0, 0, 262111
2136, 0, 0, 0, 262111
2137, 0, 0, 0, 262111
2138, 0, 0, 0, 262111
2139, 0, 0, 0, 262111
2140, 0, 0, 0, 262111
2141, 0, 0, 0, 262111
2142, 0, 0, 0, 262111
2144, 0, 0, 0, 262111
2145, 0, 0, 0, 262111
2146, 0, 0, 0, 262111
2147, 0, 0, 0, 262111
2148, 0, 0, 0, 262111
2149, 0, 0, 0, 262111
2150, 0, 0, 0, 262111
2151, 0, 0, 0, 262111
2152, 0, 0, 0, 262111
2153, 0, 0, 0, 262111
2154, 0, 0, 0, 262111
2155, 0, 0, 0, 262111
2156, 0, 0, 0, 262111
2157, 0, 0, 0, 262111
2158, 0, 0, 0, 262111
2159, 0, 0, 0, 262111
2160, 0, 0, 0, 262111
2161, 0, 0, 0, 262111
2162, 0, 0, 0, 262111
2163, 0, 0, 0, 262111
2164, 0, 0, 0, 262111
2165, 0, 0, 0, 262111
2166, 0, 0, 0, 262111
2167, 0, 0, 0, 262111
2168, 0, 0, 0, 262111
2169, 0, 0, 0, 262111
2170, 0, 0, 0, 262111
2171, 0, 0, 0, 262111
2172, 0, 0, 0, 262111
2173, 0, 0, 0, 262111
2174, 0, 0, 0, 262111
2175, 0, 0, 0, 262111
2176, 0, 0, 0, 262111
2177, 0, 0, 0, 262111
2178, 0, 0, 0, 262111
2179, 0, 0, 0, 262111
2180, 0, 0, 0, 262111
2181, 0, 0, 0, 262111
2182, 0, 0, 0, 262111
2183, 0, 0, 0, 262111
2184, 0, 0, 0, 262111
2185, 0, 0, 0, 262111
2186, 0, 0, 0, 262111
2187, 0, 0, 0, 262111
2188, 0, 0, 0, 262111
2189, 0, 0, 0, 262111
2190, 0, 0, 0, 262111
2191, 0, 0, 0, 262111
2192, 0, 0, 0, 262111
2193, 0, 0, 0, 262111
2194, 0, 0, 0, 262111
2195, 0, 0, 0, 262111
2196, 0, 0, 0, 262111
2197, 0, 0, 0, 262111
2198, 0, 0, 0, 262111
2199, 0, 0, 0, 262111
2200, 0, 0, 0, 262111
2201, 0, 0, 0, 262111
2202, 0, 0, 0, 262111
2203, 0, 0, 0, 262111
2204, 0, 0, 0, 262111
2205, 0, 0, 0, 262111
2206, 0, 0, 0, 262111
2207, 0, 0, 0, 262111
2208, 0, 0, 0, 262111
2209, 0, 0, 0, 262111
2210, 0, 0, 0, 262111
2211, 0, 0, 0, 262111
2212, 0, 0, 0, 262111
2213, 0, 0, 0, 262111
2214, 0, 0, 0, 262111
2215, 0, 0, 0, 262111
2216, 0, 0, 0, 262111
2217, 0, 0, 0, 262111
2218, 0, 0, 0, 262111
2219, 0, 0, 0, 262111
2220, 0, 0, 0, 262111
2221, 0, 0, 0, 262111
2222, 0, 0, 0, 262111
2223, 0, 0, 0, 262111
2224, 0, 0, 0, 262111
2225, 0, 0, 0, 262111
2226, 0, 0, 0, 262111
2227, 0, 0, 0, 262111
2228, 0, 0, 0, 262111
2229, 0, 0, 0, 262111
2230, 0, 0, 0, 262111
2231, 0, 0, 0, 262111
2232, 0, 0, 0, 262111
2233, 0, 0, 0, 262111
2234, 0, 0, 0, 262111
2235, 0, 0, 0, 262111
2236, 0, 0, 0, 262111
2237, 0, 0, 0, 262111
2238, 0, 0, 0, 262111
2239, 0, 0, 0, 262111
2240, 0, 0, 0, 262111
2241, 0, 0, 0, 262111
2242, 0, 0, 0, 262111
2243, 0, 0, 0, 262111
2244, 0, 0, 0, 262111
2245, 0, 0, 0, 262111
2246, 0, 0, 0, 262111
2247, 0, 0, 0, 262111
2248, 0, 0, 0, 262111
2249, 0, 0, 0, 262111
2250, 0, 0, 0, 262111
2251, 0, 0, 0, 262111
2252, 0, 0, 0, 262111
2253, 0, 0, 0, 262111
2254, 0, 0, 0, 262111
2255, 0, 0, 0, 262111
2256, 0, 0, 0, 262111
2257, 0, 0, 0, 262111
2258, 0, 0, 0, 262111
2259, 0, 0, 0, 262111
2260, 0, 0, 0, 262111
2261, 0, 0, 0, 262111
2262, 0, 0, 0, 262111
2263, 0, 0, 0, 262111
2264, 0, 0, 0, 262111
2265, 0, 0, 0, 262111
2266, 0, 0, 0, 262111
2267, 0, 0, 0, 262111
2268, 0, 0, 0, 262111
2269, 0, 0, 0, 262111
2270, 0, 0, 0, 262111
2271, 0, 0, 0, 262111
2272, 0, 0, 0, 262111
2273, 0, 0, 0, 262111
2274, 0, 0, 0, 262111
2275, 0, 0, 0, 262111
2276, 0, 0, 0, 262111
2277, 0, 0, 0, 262111
2278, 0, 0, 0, 262111
2279, 0, 0, 0, 262111
2280, 0, 0, 0, 262111
2281, 0, 0, 0, 262111
2282, 0, 0, 0, 262111
2283, 0, 0, 0, 262111
2284, 0, 0, 0, 262111
2285, 0, 0, 0, 262111
2286, 0, 0, 0, 262111
2287, 0, 0, 0, 262111
2288, 0, 0, 0, 262111
2289, 0, 0, 0, 262111
2290, 0, 0, 0, 262111
2291, 0, 0, 0, 262111
2292, 0, 0, 0, 262111
2293, 0, 0, 0, 262111
2294, 0, 0, 0, 262111
2295, 0, 0, 0, 262111
2296, 0, 0, 0, 262111
2297, 0, 0, 0, 262111
2298, 0, 0, 0, 262111
2299, 0, 0, 0, 262111
2300, 0, 0, 0, 262111
2301, 0, 0, 0, 262111
2302, 0, 0, 0, 262111
2303, 0, 0, 0, 262111
2304, 0, 0, 0, 262111
2305, 0, 0, 0, 262111
2306, 0, 0, 0, 262111
2307, 0, 0, 0, 262111
2308, 0, 0, 0, 262111
2309, 0, 0, 0, 262111
2310, 0, 0, 0, 262111
2311, 0, 0, 0, 262111
2312, 0, 0, 0, 262111
2313, 0, 0, 0, 262111
2314, 0, 0, 0, 262111
2315, 0, 0, 0, 262111
2316, 0, 0, 0, 262111
2317, 0, 0, 0, 262111
2318, 0, 0, 0, 262111
2319, 0, 0, 0, 262111
2320, 0, 0, 0, 262111
2321, 0, 0, 0, 262111
2322, 0, 0, 0, 262111
2323, 0, 0, 0, 262111
2324, 0, 0, 0, 262111
2325, 0, 0, 0, 262111
2326, 0, 0, 0, 262111
2327, 0, 0, 0, 262111
2328, 0, 0, 0, 262111
2329, 0, 0, 0, 262111
2330, 0, 0, 0, 262111
2331, 0, 0, 0, 262111
2332, 0, 0, 0, 262111
2333, 0, 0, 0, 262111
2334, 0, 0, 0, 262111
2335, 0, 0, 0, 262111
2336, 0, 0, 0, 262111
2337, 0, 0, 0, 262111
2338, 0, 0, 0, 262111
2339, 0, 0, 0, 262111
2340, 0, 0, 0, 262111
2341, 0, 0, 0, 262111
2342, 0, 0, 0, 262111
2343, 0, 0, 0, 262111
2344, 0, 0, 0, 262111
2345, 0, 0, 0, 262111
2346, 0, 0, 0, 262111
2347, 0, 0, 0, 262111
2348, 0, 0, 0, 262111
2349, 0, 0, 0, 262111
2350, 0, 0, 0, 262111
2351, 0, 0, 0, 262111
2352, 0, 0, 0, 262111
2353, 0, 0, 0, 262111
2354, 0, 0, 0, 262111
2356, 0, 0, 0, 262111
2357, 0, 0, 0, 262111
2358, 0, 0, 0, 262111
2359, 0, 0, 0, 262111
2360, 0, 0, 0, 262111
2361, 0, 0, 0, 262111
2362, 0, 0, 0, 262111
2363, 0, 0, 0, 262111
2364, 0, 0, 0, 262111
2365, 0, 0, 0, 262111
2366, 0, 0, 0, 262111
2367, 0, 0, 0, 262111
2368, 0, 0, 0, 262111
2369, 0, 0, 0, 262111
2370, 0, 0, 0, 262111
2371, 0, 0, 0, 262111
2372, 0, 0, 0, 262111
2373, 0, 0, 0, 262111
2374, 0, 0, 0, 262111
2375, 0, 0, 0, 262111
2376, 0, 0, 0, 262111
2377, 0, 0, 0, 262111
2378, 0, 0, 0, 262111
2379, 0, 0, 0, 262111
2380, 0, 0, 0, 262111
2381, 0, 0, 0, 262111
2382, 0, 0, 0, 262111
2383, 0, 0, 0, 262111
2384, 0, 0, 0, 262111
2385, 0, 0, 0, 262111
2386, 0, 0, 0, 262111
2387, 0, 0, 0, 262111
2388, 0, 0, 0, 262111
2389, 0, 0, 0, 262111
2390, 0, 0, 0, 262111
2391, 0, 0, 0, 262111
2392, 0, 0, 0, 262111
2393, 0, 0, 0, 262111
2394, 0, 0, 0, 262111
2395, 0, 0, 0, 262111
2396, 0, 0, 0, 262111
2397, 0, 0, 0, 262111
2398, 0, 0, 0, 262111
2399, 0, 0, 0, 262111
2400, 0, 0, 0, 262111
2401, 0, 0, 0, 262111
2402, 0, 0, 0, 262111
2403, 0, 0, 0, 262111
2404, 0, 0, 0, 262111
2405, 0, 0, 0, 262111
2406, 0, 0, 0, 262111
2407, 0, 0, 0, 262111
2408, 0, 0, 0, 262111
2409, 0, 0, 0, 262111
2410, 0, 0, 0, 262111
2411, 0, 0, 0, 262111